chapter,PENSVM-A
1,0.060000000000000005
2,0.1288888888888889
3,0.060000000000000005
4,0.09999999999999999
9,0.094
